﻿<?xml version="1.0" encoding="UTF-8" standalone="yes"?>
<addon id="plugin.video.hellenic.tv" name="Hellenic TV" version="3.4.2" provider-name="lambda">
	<requires>
		<import addon="xbmc.python" version="2.1.0"/>
		<import addon="script.module.requests" version="1.0.0"/>
		<import addon="script.module.simplejson" optional="true"/>
		<import addon="script.module.parsedom" optional="true"/>
		<import addon="plugin.video.youtube" optional="true"/>
	</requires>
	<extension point="xbmc.python.pluginsource" library="default.py">
		<provides>video audio</provides>
	</extension>
	<extension point="xbmc.addon.metadata">
		<summary lang="en">Greek television</summary>
		<summary lang="el">Ελληνική τηλεόραση</summary>
		<description lang="en">Visit TVADDONS.ag for support</description>
		<disclaimer lang="en">Τhis addon offers content available in Greece.</disclaimer>
		<disclaimer lang="el">Το πρόσθετο αυτό προσφέρει περιεχόμενο διαθέσιμο στην Ελλάδα.</disclaimer>
		<forum>http://forums.tvaddons.ag/forums/148-lambda-s-xbmc-addons</forum>
		<source>https://offshoregit.com/lambda81/</source>
		<website>https://offshoregit.com/lambda81/</website>
		<platform>all</platform>
	</extension>
</addon>