﻿<?xml version="1.0" encoding="UTF-8" standalone="yes"?>
<addon id="plugin.video.muchmovies.hd" name="Much Movies HD" version="1.7.2" provider-name="lambda">
	<requires>
		<import addon="xbmc.python" version="2.1.0"/>
		<import addon="script.module.metahandler" version="1.0.0"/>
		<import addon="script.common.plugin.cache" version="0.9.1"/>
		<import addon="script.module.simplejson" optional="true"/>
		<import addon="script.module.parsedom" optional="true"/>
		<import addon="plugin.video.youtube" optional="true"/>
	</requires>
	<extension point="xbmc.python.pluginsource" library="default.py">
		<provides>video</provides>
	</extension>
	<extension point="xbmc.addon.metadata">
		<summary lang="en">Watch a wide selection of movies from muchmovies.org</summary>
		<description lang="en">Visit TVADDONS.ag for support</description>
		<disclaimer lang="en">The author does not host or distribute any of the content displayed by this addon. The author does not have any affiliation with the content provider.</disclaimer>
		<forum>http://forums.tvaddons.ag/forums/148-lambda-s-xbmc-addons</forum>
		<source>https://offshoregit.com/lambda81/</source>
		<website>https://offshoregit.com/lambda81/</website>
		<platform>all</platform>
	</extension>
</addon>